NUM:distance	How far Agra is from Delhi ?
NUM:distance	How far is Agra from Lucknow ?
NUM:period	What is the best time period to visit agra ?
LOC:state	Where is Mount Abu located ?
NUM:distance	How far is Mount Abu from Jaipur
NUM:count	What is the height of Mount Abu ?
LOC:mountain	What is Mount Abu also known as ?
ENTY:term	What is the best time to visit Mount Abu ?
LOC:city	Which is the nearest airport to Mount Abu ?
NUM:distance	How far is Udaipur airport from Mount Abu ?
LOC:mountain	Which is the highest peak of Aravalli range ?
ENTY:plant	Which types of trees are mainly grown in Mount Abu ?
LOC:city	What is the old name of Allahabad ?
HUM:individual	Which Mughal emperor renamed the place as Allahabas ?
HUM:individual	Which Chinese traveler described Allahabad as part of Harshavardhan’s empire in his travelogue ?
HUM:group	Who invaded Allahabad when it was the capital of Mughals ?
NUM:money	What is the minimum budget required for the hotel room in Allahabad ?
ENTY:term	Which freedom movement made Allahabad hot spot of the historical events ?
HUM:individual	Who started Ahimsa movement in 1920 in Allahabad ?
HUM:individual	Who established the University in Allahabad ?
LOC:other	What are the famous temples to visit in Allahabad ?
ENTY:food	Which cuisine is famous in Allahabad ?
LOC:other	Which is the famous locality in Allahabad for foodies ?
LOC:state	Which city has given India most number of Prime Ministers ( seven ) post Independence ?
LOC:state	Where is Darjeeling ?
NUM:distance	How far is Darjeeling from Kolkata ?
NUM:period	What is the best time to visit Allahabad ?
ENTY:term	Which is the first High Court in India ?
NUM:size	What is the height of Darjeeling from sea level ?
LOC:city	What is the name of the hill resort in West Bengal ?
LOC:other	What is the name of the National Park in Darjeeling ?
LOC:state	Where is Dehradun situated ?
LOC:city	Where is Indian Military Academy ?
LOC:city	Which city grows Basmati rice in abundance ?
NUM:distance	What is the sea level of the city ?
ENTY:plant	What is Darjeeling most famous for ?
LOC:other	What is the name of the World heritage site in Darjeeling ?
HUM:individual	Which Sikh guru was exiled by Aurangazeb ?
NUM:date	When did Mahatma Gandhi visit Darjeeling ?
LOC:other	What is most lovely place to stay in Darjeeling ?
ENTY:term	What is the name of the zoological park in Darjeeling ?
LOC:other	What is the name of the Botanical Garden in Darjeeling ?
ENTY:term	What is the best time to see Kanchenjunga from Darjeeling ?
LOC:state	Where is Jodhpur ?
LOC:other	What is Jodhpur best known for ?
DESC:reason	Why is Jodhpur also known as Sun city
DESC:reason	Why is Jodhpur also known as Blue City ?
LOC:city	What is Jodhpur previously known as ?
HUM:individual	Who founded Jodhpur ?
NUM:date	In which year Jodhpur was founded ?
NUM:date	When is Kite festival celebrate in Jodhpur ?
LOC:city	Which Indian city is one of world 's oldest continuously inhabited city on earth ?
NUM:period	When is Marwar festival celebrated ?
DESC:description	How do Varanasi gets its name ?
ENTY:term	What does the word Kashi signifies ?
LOC:other	Which ghat is famous for its evening prayers ?
ENTY:term	In which festival can a tourist enjoy folk music and dances ?
NUM:count	How many Jyotirlingas are there in India ?
ENTY:term	What is the most famous fort in Jodhpur ?
LOC:other	Which temple in Varanasi is one of the Jyotirlingas ?
NUM:count	How many gates are there in Meharngarh Fort ?
HUM:individual	Which Hindu god resides in Varanasi according to the mythology ?
LOC:other	Which ghat in Varanasi is known for funeral and cremation ?
LOC:other	Which is the nearest Airport to Jodhpur ?
ENTY:food	What is the popular dessert of Varanasi ?
LOC:other	Which Indian university was called Oxford of the East ?
NUM:period	What is best time for Jodhpur visit ?
NUM:period	What is the best time to visit Varanasi ?
ENTY:food	Which powdered form of cannabis is famous in Varanasi and is associated with Lord Shiva ?
LOC:state	Which is the largest Union Territory of India ?
LOC:city	What is the capital of Andaman and Nicobar Islands ?
LOC:city	Which is the most populated city in Andaman and Nicobar Islands ?
ENTY:other	What is Andaman and Nicobar Islands famous for ?
NUM:count	How many plant species are found in Andaman and Nicobar ?
LOC:other	What is the other name of Mahatma Gandhi Marine National Park ?
LOC:city	What is the summer capital of Kashmir ?
LOC:city	What is Shrinagar also known as ?
LOC:other	What is the name of the museum in Srinagar ?
LOC:other	What is the most important historical place in Srinagar/
ENTY:other	What is the biggest tourist attraction of Kashmir ?
LOC:other	Waht is the centre of activities in Srinagar ?
HUM:individual	Who introduced Buddhism in Srinagar ?
LOC:other	Which is second largest lake in Kashmir valley ?
NUM:period	When is Tulip festival organise evry year ?
NUM:count	How many varieties of tulip grown in Indira Gandhi Tulip Garden ?
LOC:city	Which is the nearest railway station of Srinagar ? ?
NUM:distance	How far is Jammu station from Srinagar ?
ENTY:term	What is the best time tour visit in Srinagar ?
ENTY:term	What is the best time for snowfall visit in Srinagar ?
LOC:state	Which is the smallest state in India ?
ENTY:other	What is Goa also known as ?
LOC:city	What is the capital of Goa ?
ENTY:other	What is Panaji known for ?
NUM:period	When is the peak season to visit Goa ?
LOC:other	What is the name of the river on banks of which Jabalpur is situated ?
LOC:other	Which place in Jabalpur is the formations of marble rock ?
HUM:group	Which Indian Defense force has its headquarters of Madhya Pradesh , Chhattisgarh , Odisha , Bihar and Jharkhand in Jabalpur ?
LOC:other	What are the main attractions in Jabalpur ?
ENTY:sport	Which famous sports originated in Jabalpur ?
ENTY:term	What is the best time to visit Jabalpur ?
LOC:city	What is the capital of Himachal Pradesh ?
HUM:individual	From where does the word Shimla derives ?
HUM:description	Who is Shyamala ?
NUM:size	What is the covering area of Shimla ?
NUM:distance	What is the height of Shimla from sea level ?
NUM:date	In which year Shimla district form ?
NUM:date	In which year Shimla was declared as summer capital of India ?
LOC:state	Shimla was the capital of which state just after Independence ?
NUM:distance	What is height of the Jakhu Mandir ?
HUM:individual	Jakhu Mandir is a sacred place of which God ?
HUM:individual	Who designed the Christ Church in Shimla ?
NUM:distance	How far is Tattapani from Shimla ?
LOC:other	What is the name of the most haunted place in Shimla ?
ENTY:term	What is Shimla famous for ?
NUM:date	When was Town Hall built ?
NUM:date	When did Viceregal Lodge built ?
LOC:other	What is Viceregal Lodge also known as ?
ENTY:animal	What is state bird of Himachal Pradesh ?
NUM:period	What is the best time for skating in Shimla ?
LOC:other	Which is the nearest airport of Shimla ?
LOC:other	Which is the nearest railway station of Shimla ?
ENTY:term	What is the origin of the name Kutch ?
NUM:size	What is the area of Great Rann of Kutch ?
HUM:individual	Which Rajput king made Bhuj the capital of Kutch ?
HUM:individual	Who built the famous Ajna mahal ?
NUM:size	What is the area of Little Rann of Kutch ?
NUM:count	What is the span of Rann Utsav ?
LOC:other	What are the two seaports in Kutch ?
ENTY:term	What is the best time to visit Kutch ?
ENTY:animal	Which endangered specie of animal could be found in Wild Ass Sanctuary ?
LOC:city	Which Indian city is the second largest metropolis in eastern India ?
LOC:city	What is the old name of Patna ?
HUM:individual	Which Magadha King built a small fort in Pataligram on the banks of the the Ganga river in the 6th century BC ?
LOC:city	What is the birthplace of Lord Mahavira ?
LOC:city	Where did Lord buddha deliver his last sermon ?
LOC:city	Where did Lord Buddha donate his bowl ?
ENTY:plant	Where is Lord Buddha said to have obtained his enlightenment ?
ENTY:creative	What is the style of architecture of Patna Museum ?
HUM:individual	Which Sikh Guru was born in Patna in 1660 ?
LOC:other	What is the name of the sacred shrine of the Sikhs in Patna ?
HUM:individual	Who built Golghar in Patna ?
ENTY:event	Which is the famous festival celebrated after six days of Diwali ?
LOC:other	Which temple is 12 km away from Bodhgaya ?
HUM:individual	Which Hindu god is associated with Chhath festival ?
ENTY:creative	What is the other name of Madhubani painting ?
ENTY:food	Which is the world famous cuisine from Bihar ?
ENTY:event	What is Sonpur fair famous for ?
LOC:city	Which is the most populous city of Maharashtra ?
LOC:city	Which is the biggest city of Maharshtra ?
LOC:city	What is Mumbai previously known as ?
ENTY:term	What is Mumbai called as ?
LOC:city	What is the largest city of India ?
ENTY:lang	What is majorly spoken language of Mumbai ?
ENTY:lang	What is the very own language of Mumbai ?
LOC:city	Where is Gateway of India ?
NUM:date	When was Gateway of India built ?
NUM:size	How tall is The Gateway of India ?
NUM:count	How many years took to construct Gateway of India ?
LOC:other	What is the Historical building opposite to the Gateway of India ?
NUM:date	When was the statue of Shivaji unveiled in Mumbai ?
LOC:other	What was the name of Chhatrapati Shivaji Terminus ( CST ) before it named ?
NUM:count	How many manuscripts are available in Asiatic Society ?
DESC:reason	Why is Asiatic society one of the most important tourist attractions ?
LOC:other	What is Bandra Worli Sea link originally called as ?
LOC:other	Which place is the best way to take a look at Bandra Worli Bridge ?
ENTY:event	What is Mount Mary festival also called as ?
NUM:date	In which century did the Mount Mary church built ?
LOC:other	What is marine drive also known as ?
NUM:size	How long is Marine drive ?
NUM:date	When did Haji li Ali Darga built ?
DESC:definition	What is Haji Ali Dargah ?
NUM:count	How old is Taj Mahal Palace hotel ?
NUM:date	When did Taj hotel attacked by terrorist ?
ENTY:animal	What are the top things to do in Mumbai ?
ENTY:letter	Which Hindu texts are believed to be composed in Ujjain ?
LOC:other	What is the name of the river on the banks of which Ujjain is located ?
ENTY:event	Which episode of Hindu mythology is connected with the origin of Ujjain ?
LOC:other	Which temple in Ujjain is one of the 12 jyotirlinga of Lord Shiva ?
HUM:individual	Who built Observatory or Jantar Mantar in Ujjain ?
LOC:other	What is the name of the river on the banks of which Ladakh is located ?
HUM:individual	Who was the ruler of Ladakh during 17th century ?
NUM:period	What is the best time to visit Ladakh ?
LOC:city	Which city is known as the lake district of India ?
LOC:mountain	Where is Nainital located ?
ENTY:term	What is the shape of Naini lake ?
NUM:date	What is the best time to visit Nainital ?
HUM:individual	Who is said to have discovered Nainital ?
LOC:other	Which National Park is near Nainital ?
ENTY:term	What is the best time to visit Nainital ?
LOC:mountain	What is the other name of Naina Peak ?
LOC:other	Which is the name of the famous lake in Nainital ?
HUM:individual	Who is said to have established Bikaner city ?
ENTY:term	What is the nickname of Bikaner ?
ENTY:food	Which Bikaneri savory is world famous ?
ENTY:creative	Which is the famous art work in Bikaner ?
ENTY:product	What is stone screen known as in Bikaner ?
HUM:individual	Who is the founder of Haldiram sweets ?
HUM:individual	Which is the famous mausoleum in Ajmer ?
NUM:distance	What is the distance between Ajmer and Jaipur ?
LOC:mountain	Where is Ajmer located in Rajasthan ?
LOC:city	Where is Taragarh fort in Rajasthan ?
HUM:individual	Who is the founder of Ajmer ?
HUM:individual	Who is the famous ruler from Chauhan dynasty ?
HUM:individual	Which Afghan ruler has won Ajmer in 1193 ?
HUM:individual	What is the full name of the Hindu ruler Hemu ?
HUM:individual	Which Mughal emperor established his kingdom in 1559 in Ajmer ?
LOC:other	Which college was founded by 6th Earl of Mayo , Viceroy of India in Ajmer ?
LOC:other	Which are the popular heritage hotels in Ajmer ?
NUM:period	What is the best time to visit Ajmer ?
LOC:other	What is the name of the famous artificial lake in Ajmer ?
NUM:distance	How far is Pushkar from Ajmer ?
LOC:other	Which mosque in Ajmer is said to be built in two and half days ?
LOC:state	What is the old name of Chennai ?
ENTY:letter	What is the origin of Chennai ?
HUM:individual	Which Indian musician is known as the Mozart of Madras ?
ENTY:creative	Which is the famous classical dance of Tamil Nadu ?
NUM:period	What is the best time to visit Chennai ?
ENTY:term	What is the name of Tamil Film Industry ?
LOC:city	What is the other name of Chennai given by classical music fans ?
NUM:distance	What is the distance between Patna and Rajgir ?
HUM:individual	Who is the founder of Rajgir ?
HUM:individual	Who has defeated King Jarasandha in a wrestling match ?
ENTY:term	What is the meaning of Rajgir ?
LOC:other	Which temple in Rajgir is dedicated to Mani Naag ?
NUM:period	Which is the best time to visit Rajgir ?
HUM:individual	Who is the founder of Dalhousie ?
LOC:mountain	Where is Dalhousie situated ?
LOC:other	Which museum is built by King Bhuri ?
LOC:city	Which ancient capital of Chamba has 84 temples that were built during the period between 7 th and 10 th century AD ?
ENTY:creative	Which is the famous dance form of Gujrat ?
ENTY:event	Which historical movement by M. K. Gandhi started from Sabarmati Ashram in Ahmedabad ?
LOC:city	What was the other name of Ahmadabad during British era ?
LOC:other	Where is Ahmedabad located ?
LOC:other	What is the name of the man-made lake in Ahmedabad ?
LOC:mountain	Where is Udaipur located ?
HUM:individual	Who is the founder of Udaipur ?
LOC:other	Which lake in Udaipur has four islands ?
HUM:individual	Who has built City Palace ?
LOC:other	Which temple in Udaipur is dedicated to Lord Shiva ?
HUM:individual	Who has built Monsoon Palace ?
NUM:period	What is the best time to visit Udaipur ?
HUM:individual	Who has made Indore their capital ?
HUM:individual	Who is the founder of Indore ?
HUM:individual	How do Indore gets its name ?
HUM:individual	Who is the famous Queen of Indore belonging to Holkar dynasty ?
LOC:city	What was the capital of Madhya Pradesh before Bhopal ?
ENTY:term	What is the best time to visit Indore ?
ENTY:religion	Which religion comes into mind when we talk about Nalanda ?
ENTY:term	What is the Sanskrit meaning of Nalanda ?
HUM:individual	Which Buddhist emperor has ruled Nalanda ?
HUM:individual	Which follower of Lord Buddha hails from Nalanda ?
HUM:individual	Which Chinese traveler has visited Nalanda ?
NUM:distance	What is the distance between Nalanda and Patna ?
LOC:other	Which Indian University is said to be the world’s first residential international university ?
LOC:city	Which Indian city is known as the gateway to Bundelkhand region ?
NUM:period	What is the best time to visit Jhansi ?
LOC:other	Which is the nearest Airport to Jhansi ?
HUM:individual	Which famous freedom fighter belongs to Jhansi ?
HUM:individual	Who is known as the Joan of Arc in India ?
LOC:city	Which city in Maharashtra is famous for Kumbh Mela ?
LOC:other	Where is Nashik situated ?
NUM:distance	How far is Mumbai from Nashik ?
NUM:distance	How far is Pune from Nashik ?
LOC:city	What is the other name of Nashik during 16th century ?
HUM:individual	Which Inidan freedom fighter belongs to Nashik ?
ENTY:other	What are the top things to do in Kedarnath ?
LOC:other	Which is the nearest airport to Kedarnath ?
NUM:period	What is the best time to visit Kedarnath ?
NUM:period	Where is Kedarnath located ?
LOC:other	Which river flows in Kedarnath ?
NUM:date	When was Kedarnath wildlife sanctuary established ?
LOC:other	Where is Kedarnath wildlife sanctuary located ?
LOC:city	What is the Winter capital of Jammu and Kashmir ?
LOC:city	What is the old name of Jammu ?
LOC:city	Which Indian city is also known as the City of Temples ?
HUM:individual	Who is said to be the founder of Jammu ?
HUM:individual	Who was the ruler of Jammu and Kashmir during British rule ?
ENTY:other	What are the top things to do in Jammu ?
NUM:period	What is the best time to visit Jammu ?
HUM:individual	Who has built Bahu Fort ?
HUM:individual	Who has built Raghunath Temple ?
LOC:city	Which Indian capital city is also known as the City of Lakes ?
HUM:individual	Who is said to be the founder of Bhopal ?
ENTY:event	Which industrial disaster happened in Bhopal ?
NUM:date	When did Bhopal Gas Tragedy occur ?
HUM:individual	Who is the last ruler of Bhopal ?
NUM:period	What is the best time to visit Bhopal ?
LOC:city	What is the other name of Kanyakumari ?
LOC:city	Which place in India is situated on the confluence of the Arabian Sea , the Bay of Bengal and the Indian Ocean ?
NUM:distance	How far is Kanyakumari from Thiruvananthapuram ?
HUM:individual	Which Hindu goddess is worshiped as a virgin goddess in Kanyakumari ?
HUM:individual	Whose 133 ft statue is the landmark of Kanyakumari ?
DESC:description	What does 133 ft statue of Thiruvalluvar represent ?
NUM:period	What is the best time to visit Kanyakumari ?
LOC:other	Which is the nearest airport to Kanyakumari ?
LOC:city	What is the capital of Telangana and Andhra Pradesh ?
LOC:city	Which Indian city is also known as the City of Pearls ?
HUM:individual	Which ruler named Hyderabad after his wife ?
HUM:individual	Who is the founder of Hyderabad ?
ENTY:creative	What is the name of Telugu film industry ?
ENTY:food	What is the world famous dish from Hyderabad ?
LOC:city	Which Indian city is known as the City of Joy ?
LOC:city	What was the capital of India before Delhi ?
LOC:city	What is the old name of Kolkata ?
NUM:date	When was Calcutta renamed to Kolkata ?
LOC:other	Where is Howrah bridge suspended over ?
LOC:other	Which is the best place for book lovers in Kolkata ?
LOC:other	What is the name of the most popular international sports stadium in Kolkata ?
HUM:group	What is the name of the Kolkata team in IPL ?
LOC:other	What is the name of the oldest marine institute in Kolkata ?
LOC:city	Where was India 's first underground metro created ?
LOC:city	Which Indian city still has the tram transport ?
NUM:date	When the industry based on railway equipment was established ?
ENTY:term	What is thye name of the industry based on railway equipment , which was established at 1921 ?
LOC:state	Where 'Peninsular Locomotive Company ' was established ?
ENTY:term	What was the later name of Peninsular Locomotive Company ?
ENTY:term	Which organisation is is the sole R & D organisation of Indian Railways and functions as the technical advisor to Railway Board , Zonal Railways and Production Units ?
DESC:description	What is the major roles of RDSO ?
NUM:count	What % of total Rail units of India are produced in West Bengal ?
LOC:city	Where is is the location of new coach factory presently under construction ?
ENTY:term	What type of climate is found in India ?
ENTY:term	Which word dreived “monsoon” ?
DESC:definition	What is the meaning of ‘mausim’ ?
NUM:count	How many season the Indian meteorological department has divided the climate of India ?
NUM:date	When the winter season begins in northern India ?
NUM:date	Which month winter season stays in northern India ?
NUM:period	What is the average temperature on eastern coast ?
NUM:period	What is the range of temperature in northern plains ?
DESC:description	What is common in the north and higher slopes of the Himalayas ?
ENTY:term	Which winds prevail over the country during winter ?
ENTY:other	In which direction trade winds blow ?
ENTY:term	What occurs on Tamil Nadu coast from trade winds during winter season ?
ENTY:other	Which direction trade winds blow in Tamil Nadu coast ?
ENTY:term	What develops in the north India in winter season ?
DESC:manner	How weather is normally marked ?
DESC:manner	What is a characteristic feature of winter season over the northern plains ?
ENTY:term	What the inflow of cyclonic disturbances from the west and the northwest are called ?
LOC:other	Where from low-pressure systems originate ?
LOC:country	Where the low-pressure systems originate over the Mediterranean Sea and western Asia moves into ?
ENTY:term	What along the low-pressure systems originate over the Mediterranean Sea and western Asia move into India ?
DESC:description	What happens due to inflow of cyclonic disturbances ?
ENTY:term	Which region does not have a well defined cold season ?
NUM:date	When summer season begins ?
NUM:period	What is time period of summer season ?
DESC:reason	Why the whole India experiences increase in temperature ?
DESC:definition	What is 'loo ' ?
ENTY:term	Which direction the Inter-Tropical Convergence Zone ( ITCZ ) begins to move ?
NUM:count	From which latitude Inter-Tropical Convergence Zone ( ITCZ ) passes in July ?
DESC:manner	How violent cyclone originates during summer season ?
ENTY:term	What is violent cyclone is known as ?
NUM:date	When rainy season begins ?
NUM:period	What is the time period of the rainy season ?
DESC:manner	What attracts the trades winds of the southern hemisphere during winter seasons ?
DESC:description	What is related to rainfall in the rainy season ?
DESC:description	From where south-east trade winds originate ?
ENTY:term	Which winds the equator and blow in a south-westerly direction entering the Indian peninsula as the south-west monsoon ?
LOC:mountain	Where the highest average rainfall in the world receives ?
DESC:reason	What causes rainfall rainfall on the mountainous slopes of Jammu & Kashmir and Himachal Pradesh ?
DESC:reason	Why monsoon passes through Rajasthan does not cause rainfall there ?
LOC:state	Where through the Bay of Bengal branch enters India ?
LOC:state	Where the Bay of Bengal branch meets the Arabian sea branch ?
NUM:date	When the Autumn season begins ?
NUM:period	What is the time period of the autumn season ?
ENTY:term	What is the autumn season often called as ?
DESC:reason	Why the autumn season often called as retreating season of monsoon ?
ENTY:term	Which minerals are the most important among non-fossil energy ?
LOC:city	Which is city highly popular among students for coaching classes ?
LOC:other	Where is Kota located ?
ENTY:event	Which festival is widely celebrated in Kota ?
ENTY:event	What is the famous cultural festival celebrated in Kota ?
HUM:individual	Whose idol is taken out during Ganguar festival in Kota ?
ENTY:term	Which saree is popular in kota ?
NUM:period	What is the best time to visit Kota ?
LOC:other	Which is the nearest airport to Kota ?
ENTY:term	What is the other name of Kullu ?
LOC:other	Where is Kullu located ?
NUM:distance	Where is Kullu situated ?
LOC:city	What is Kullu known as according to Hindu mythology ?
HUM:individual	Who is the founder of Kullu ?
LOC:mountain	What are the famous mountaineering sites for beginners in Kullu ?
LOC:other	Which are the famous trekking trails near Kullu ?
LOC:city	What is the older name of Kullu ?
HUM:individual	Which Chinese traveler visited Kullu in 634 or 635 AD ?
DESC:description	How uranium and thorium are obtained ?
DESC:description	How molecular energy is produced ?
ENTY:term	Which energy is seen as an alternative to energy obtained from fossil fuels ?
LOC:city	What is the capital of Rajasthan ?
ENTY:term	What is the largest source of uranium ?
LOC:city	Which is the biggest city of Rajasthan ?
LOC:city	Which city is known as the Pink City ?
HUM:individual	Who is the founder of the city Jaipur ?
LOC:state	Where moazite sand rich in uranium is found ?
LOC:city	Where is some amount uranium is produced ?
NUM:count	What is the total reserves of uranium as estimated by the Department of Atomic Energy , Government of India ?
ENTY:term	What thorium is derived from ?
LOC:other	Which is the nearest airport in Jaipur ?
LOC:city	Which is the second largest city in Bihar ?
NUM:distance	How far is Gaya from Patna ?
HUM:individual	Where do Gaya gets its name ?
ENTY:event	Which funeral offerings event makes Gaya popular among Hindus ?
LOC:other	Where is Gaya situated ?
LOC:mountain	Where did Buddha preach the Fire Sermon ?
LOC:mountain	What is the former name of Brahmayoni Hill ?
NUM:period	What is the best time to visit Gaya ?
LOC:other	Where is Narkanda situated ?
LOC:mountain	What is the nickname of Narkanda ?
LOC:mountain	What is the highest peak of Narkanda ?
NUM:period	What is the best time to visit Narkanda ?
NUM:distance	how far is Shimla from Narkanda ?
LOC:mountain	Which mountain range surrounds Narkanda ?
LOC:city	Which is the first ancient architectural planned city of India ?
HUM:individual	Who architect the Jaipur city ?
NUM:date	In which year the Pink City was painted ?
LOC:other	What are the five major monuments of Jaipur ?
NUM:money	What is the entrance fee of the five monuments of Jaipur for Indian citizens ?
NUM:money	What is the entrance fee for Five monuments of Jaipur for foreigners ?
LOC:other	What is the most iconic landmark of Jaipur ?
HUM:individual	Who built Hawa Mahal in Jaipur ?
NUM:date	In which year Hawa Mahal was built ?
LOC:other	Which monument of Jaipur is included in the list of UNESCO World Heritage sites ?
NUM:date	In which year Jantar Mantar was included in UNESCO World Heritage ?
LOC:other	Which is the oldest museum in Rajasthan ?
HUM:individual	Who designed Albert Hall Museum ?
LOC:other	Which monument is known as the jewel of Jaipur ?
LOC:other	Which is the most expensive hotel in Jaipur ?
LOC:state	Where zircon is found ?
LOC:other	What is the name of the state emporium that sells all things of Rajasthan ?
LOC:state	Which state is largest producer of graphite ?
LOC:city	Where is largest reserve of graphite is found ?
LOC:city	What are the places to visit in Delhi ?
ABBREV:exp	What is the full form of NCR ?
LOC:city	What is capital of India ?
NUM:count	According to 2011 census what is the population of Delhi ?
NUM:count	What percentage of India 's GDP contribute by Delhi ?
LOC:city	Which is the second largest populated city of India ?
NUM:count	How many island the Bay of Bengal island groups consist ?
LOC:state	In which state is Warangal situated ?
NUM:distance	How far is Warangal from Hyderabad
ENTY:letter	From which word is te word Warangal derived from ?
DESC:definition	What is the meaning of the word Orugallu ?
LOC:city	What is Warangal city also known as ?
LOC:city	Which is the fifth largest city of the the state Telangana ?
LOC:city	Warangal was the capital of which Kingdom ?
NUM:date	In which year Warangal accorded World Heritage City status by UNESCO ?
LOC:city	What is the biggest tourist attraction of the Warangal city ?
NUM:date	When was Warangal Fort constructed ?
LOC:other	During the reign of which King Waranga Fort was constructed ?
ENTY:term	What is the main occupation of Warangal 's people ?
NUM:period	When is the most suitable time for tourist in Warangal ?
LOC:city	Where is Saputara located ?
NUM:distance	How far is Saputara from Surat ?
NUM:distance	What is the height of Saputara from the sea level ?
ENTY:term	What type of climate is there throughout the year in Saputara ?
DESC:definition	What is the meaning of Saputara ?
LOC:city	What is Saputara town also known as ?
NUM:count	What is the maximum temperature of Saputara ?
LOC:other	Which is the most suitable railway station to reach Saputara ?
LOC:other	Which is nearest airport to reach Saputara ?
LOC:other	What is the name of hte National park in Saputara ?
ENTY:term	What are main occupations of Saputara 's tribes ?
NUM:period	What is the best time to visit Saputara ?
ENTY:sport	What are the top things to do in Yamunotri ?
LOC:other	What is the source of Yamuna river ?
LOC:city	Where is Yamunotri located ?
LOC:mountain	Where is the Yamuna river originates ?
NUM:distance	What is the height of the Champasar Glacier from sea level ?
LOC:city	Which city is known as the 'Scotland of the East ' ?
LOC:city	How do Shillong gets its name ?
LOC:city	Which is the wettest place on earth ?
NUM:distance	How far is Cherrapunji from Shillong ?
LOC:city	What is the name of the cleanest village in Asia ?
HUM:group	Which is one of the oldest tribe in East India to be found in Meghalaya ?
ENTY:term	Which family system is widely followed in Khasi tribe ?
LOC:city	What was the capital of undivided Assam ?
NUM:period	What is the best time to visit Shillong ?
ENTY:term	Which National Highway connects Shillong to Guwahati ?
LOC:other	Which is the nearest airport to Shillong ?
ENTY:term	What separate the Andaman in the north and the Nicobar in the south ?
DESC:description	What is the believe about The Bay of Bengal island ?
LOC:other	Which is the only active volcano in India ?
LOC:other	Where is Barren island is situated ?
LOC:city	Which place in India is also known as a Mecca for adventure sports ?
LOC:mountain	Where is Manali situated ?
LOC:city	Which place is also called twin town of Kullu ?
NUM:distance	How far is Manali from Shillong ?
LOC:city	Where is Manali located ?
LOC:city	What is the capital of Andaman and Nicobar ?
LOC:other	Where 'Port Blair ' located in Andaman and Nicobar ?
ENTY:term	Which channel separate Andaman and Nicobar from Myanmar ?
ENTY:term	Which channel separate Andaman and Nicobar from Indonesia ?
NUM:distance	How far these island are located from Kerala coast ?
NUM:count	How many number of Lakshadweep island are there ?
NUM:count	How many out of 36 island are inhabited ?
LOC:other	Which is the nearest airport to Manali ?
LOC:other	Which is the largest island ?
NUM:size	What is the area of Minicoy ?
HUM:individual	Yamunotri is believed to be the residence of which sage ?
ENTY:term	Which channel broadly divide the entire group of Minicoy islands ?
LOC:other	Which is the nearest airport to Yamunotri ?
LOC:state	Where is Shirdi located ?
NUM:distance	How far is Shirdi from Mumbai ?
NUM:distance	How far is Shirdi from Nasik ?
ENTY:term	What is the main things to do in Shirdi ?
HUM:individual	Shirdi is the home place of which saint ?
NUM:date	In which year did the Saint Sai die ?
LOC:other	What is the name of hte garden made by Saint Sai Baba ?
ENTY:term	Which channel separate Aminidivi and Kannanor from Minicoy archipelago ?
ENTY:term	Which channel separate Lakshadweep from Maldives ?
NUM:other	What is opening time of the Shirdi Mandir ?
NUM:other	What is closing time of the Shirdi Mandir ?
NUM:date	Which day is the special Puja day of Shirdi Mandir ?
LOC:city	What is the capital of Lakshadweep ?
DESC:definition	What is the Prominent Islands of India ?
LOC:other	Where is Pamban island situated ?
LOC:other	What is the part of the Adam’s Bridge ?
LOC:other	Where is New Moore is situated ?
LOC:state	Where is Pelling located ?
LOC:other	Which is the latest island made up of deposition of silt at the mouth of the Ganga ?
NUM:distance	How far is Pelling from Gangtok ?
NUM:distance	What is height of Pelling from sea level ?
LOC:other	What is the name of the sacred lake in Pelling ?
HUM:group	What is the main tribe in Pelling ?
ENTY:term	What is the main occupation of Pelling ?
NUM:date	What is best time to visit Pelling ?
ENTY:event	What are the things to do in Pelling ?
LOC:other	Which is the oldest and most important Monastry in Sikkim ?
ENTY:plant	What is the literal meaning of Pemayangtse ?
ENTY:term	ATM facility of which Bank is use in Pelling for shopping ?
DESC:definition	What is Tongba ?
ENTY:food	Which drink one must try in Pelling is ?
LOC:state	Where is Gangotri situated ?
NUM:distance	How far is Gangotri from Dehradun ?
LOC:other	Gangotri is the origin of which river ?
NUM:date	When did Gangotri Temple built ?
ENTY:term	Gangotri temple is close in which season ?
LOC:mountain	Waht is Gangotri glacier also known as ?
NUM:distance	What is the height of Gangotri from sea level ?
ENTY:food	What types of food are available in Gangotri ?
LOC:mountain	Where is the Indian Desert is located ?
LOC:city	Which is the nearest airport to Gangotri ?
LOC:other	Which is the nearest railway station to Gangotri ?
LOC:city	What is the capital of Arunachal Pradesh ?
LOC:city	Which Indian capital city is also known as Mini India ?
HUM:group	Which tribe constitutes the largest population of Arunachal Pradesh ?
HUM:group	What are the other names of Nyishi tribe ?
ENTY:event	Which is the famous festival celebrated by Nyishi tribe ?
LOC:other	Which is the nearest railway station to Itanagar ?
LOC:state	Where is Kurukshetra located ?
LOC:city	Which place is known as the land of Bhagvad Gita ?
DESC:definition	What is the meaning of Kurukshetra ?
NUM:distance	How far is Kurukshetra from Delhi ?
HUM:individual	Who is said to have recited Bhagvad Gita ?
NUM:count	What is the annual rainfall in Thar Desert ?
LOC:other	Which the world 's highest population density desert ?
DESC:reason	Why the Indian desert has arid climate with low vegetation cover ?
DESC:reason	Why the Indian desert is also known as Marusthali ?
DESC:description	What is the believe regarding the Indian desert regoin ?
NUM:count	What is the estimated age of Wood Fossils ?
DESC:description	What are two parts of desert on the basis of the orientation ?
DESC:reason	Why most of the rivers in the Thar Desert are an example of the Inland Drainage ?
LOC:other	Which river is of some significance in Thar Desert area ?
LOC:other	Where Looni river flow ?
DESC:definition	What is the lakes and the playas/ placial ?
DESC:reason	Why the Thar Desert area is water deficit region
DESC:definition	What is a mountain pass ?
LOC:other	Where the most of the passes in India are found ?
LOC:other	Where is Zoji La ( Pass ) ?
LOC:country	Which road route goes through Zoji La ( Pass ) ?
LOC:other	Which pass has been created by the Indus River ?
LOC:other	Which river has created the Zoji La ?
LOC:state	Where is Mysore located ?
LOC:city	Which is the second largest city of Karnataka ?
ENTY:term	What is Mysore also known as ?
ENTY:event	Mysore best known for which festival ?
ENTY:creative	What type of architecture is used in Mysore Palace ?
NUM:distance	How far is Mysore from Bangalore ?
LOC:other	Which is the nearest airport to Mysore ?
NUM:distance	What is height of Mysore from the sea level ?
HUM:individual	Which demon ruled Mysore according to Hindu mythology ?
HUM:individual	Who defeated demon Mahishasura ?
LOC:state	Where is Banihal pass ?
ENTY:term	Which highway goes through Banihal Pass ?
ENTY:term	Which highway links Srinagar to Jammu ?
LOC:other	Which river created Banihal Pass ?
LOC:state	Where is Shipki La ( Pass )
LOC:other	Which road goes through Shipki La ( Pass ) ?
LOC:other	Which river flow through Shipki La ( Pass ) ?
LOC:state	Where is Bara-Lacha Pass ?
ENTY:term	Which pass links Mandi and Leh by road ?
LOC:state	Where is Rohtang Pass ?
ENTY:term	Which pass cuts through the Pir Panjal range ?
ENTY:technique	Which pass links Manali and Leh by road ?
LOC:state	Where is Mana Pass ?
LOC:state	Where is Niti Pass ?
LOC:state	Where is Nathu La ( Pass ) ?
ENTY:term	Which pass gives way to Tibet from Darjeeling and Chumbi valley ?
LOC:state	Where is Jalep La ( Pass ) ?
ENTY:term	Which pass gives way to Bhutan ?
LOC:other	Which river has created Jalep La pass ?
ENTY:term	What are thr passes in Jammu & Kashmir ?
LOC:city	Where is Kalpana Chawla Planetarium ?
LOC:other	What is the other name of Bhishma Kunda ?
LOC:city	Which is the nearest airport to Kurukshetra ?
DESC:definition	What is the meaning of Sthnaeshwar ?
NUM:count	How long was Mahabharata war ?
HUM:individual	Which Chinese scholar visited Thanesar during King Harsha time ?
HUM:individual	Who is Brahmasarovar dedicated to ?
ENTY:letter	What is the name of the memoir by Al Beruni which is about India ?
LOC:other	Which is the third largest wildlife sanctuary in Haryana ?
NUM:period	What is the best time to visit Kurukshetra ?
LOC:city	Which city is known as the ‘City of Karna’ ?
LOC:city	What is the Kannada name of Bangalore ?
HUM:individual	Who is the founder of Bangalore ?
LOC:city	What is the capital of Karnataka ?
LOC:city	Which city is also known as the ‘Garden city of India’ ?
LOC:city	Which city is known as the ‘Silicon Valley of India’ ?
LOC:other	Which are the famous shopping malls in Bengaluru ?
HUM:individual	Who was the popular rulers of Gwalior ?
NUM:distance	What is the distance between Agra and Gwalior ?
LOC:city	Which city is known as the Fort City ?
LOC:city	Where is Scindia school situated ?
ENTY:term	Where especially almost all kind of minerals are found ?
DESC:definition	What is the main reasons for the mineral richness of India ?
HUM:individual	Which famous musician is said to have visited Gwalior ?
LOC:other	What is the name of the museum for musical instruments in Gwalior ?
LOC:city	Which city is known as the Heart of Incredible India ?
LOC:other	Where is coal mainly found ?
LOC:other	Where from Petroleum reserves are obtained in India ?
DESC:definition	What is mineral belt of India ?
LOC:city	What is the old name of Gwalior ?
HUM:individual	Who is the founder of Gwalior ?
HUM:individual	Who is Gwalior named after ?
HUM:individual	Who tried to invade Gwalior during 1195 and 1196 ?
HUM:individual	Who took the control over Gwalior in 1231 after a long effort and fight of 11 months ?
ENTY:term	What is the famous handloom saree from Gwalior ?
LOC:other	What is the other name of Chanderi fort ?
HUM:individual	Which famous musician from history belongs to Gwalior ?
LOC:city	Where is Tansen musical festival held every year ?
NUM:period	What is the best time to visit Gwalior ?
LOC:other	What are the famous places to visit in Gwalior ?
LOC:other	What is the name of the restaurant by Sanjeev Kapoor in Gwalior ?
NUM:distance	How far is Jhansi from Gwalior ?
LOC:other	Which is the nearest airport to Gwalior ?
HUM:individual	Who built Jai Vilas Mahal in Gwalior ?
HUM:individual	Who has built the George Castle ?
LOC:city	Where is Madhav National Park located in Gwalior ?
DESC:description	Where the North-Western region belt extens ?
ENTY:term	Which stones Rajasthanis rich in bulding ?
ENTY:term	What are the raw materials for cement industry ?
ENTY:substance	What Assam valley has ?
LOC:other	What is roughly triangular in shape with its base parallel to the Ganga Valley and its apex pointing towards the southern tips of the country ?
LOC:other	What is the example of a Lava Plateau
DESC:description	What are the bordered of the Peninsular Plateau of India ?
LOC:mountain	What are the local names of Western Ghats ?
NUM:size	What is the average elevation of the Western Ghats ?
LOC:mountain	Which is the heighest peak of Peninsular plateau ?
LOC:mountain	Where Anaimud is located ?
LOC:mountain	Where is Dodabetta ?
LOC:other	Where is the origin of the Peninsular Rivers ?
LOC:mountain	Where the Eastern and the Western Ghats meet each other ?
LOC:mountain	Which range the Central Highlands of the Deccan Plateau regions are bounded to the west ?
LOC:mountain	Which range is formed by a series of scarped plateaus on the south ?
DESC:description	What is the general elevation of the Central Highlands ranges ?
LOC:city	Which Indian city is also known as the City of Nawabs ?
LOC:city	What is the capital of Uttar Pradesh ?
LOC:other	Where is Lucknow situated ?
HUM:individual	Who is said to be the founder of Lucknow ?
HUM:individual	Who is Lucknow named after ?
LOC:city	What is the ancient name of Lucknow ?
NUM:date	When was Lucknow Pact agreement negotiated ?
ENTY:creative	Which fabric pattern is famous in Lucknow ?
LOC:other	Which are the famous places to visit in Lucknow ?
NUM:period	What is the best time to visit Lucknow ?
HUM:individual	Who has built Jama Masjid in Lucknow ?
LOC:city	Where is Leh situated ?
LOC:other	Where is Leh located ?
LOC:city	What are the other names of Leh ?
NUM:period	What is the best time to visit Leh ?
LOC:state	Where is Tirupati situated ?
HUM:individual	Who is Tirumala Venkateswara temple dedicated to ?
LOC:mountain	Where is Tirumala Venkateswara temple situated ?
NUM:count	How many peaks are there in Tirumala hills ?
LOC:mountain	What is the name of the seventh peak of Tirumala hills ?
DESC:description	What is the etymology of Tirupati ?
ENTY:event	What is name of the annual festival celebrated in Tirupati ?
LOC:other	Which is the only significant tributary of the river Chambal ?
LOC:mountain	Where Banas is originates from ?
LOC:mountain	Which hills forms an eastern extension of the Central Highland ?
ENTY:other	What lies to the south of an eastern extension of the Central Highlands ?
DESC:definition	What is the Systematic approach ?
DESC:definition	What is the he Regional approach ?
DESC:definition	What is the Descriptive approach ?
DESC:definition	What is the Analytical approach ?
DESC:definition	What is the Island ?
DESC:definition	What is an archipelago ?
LOC:country	Which the largest Archipelago in the world ?
DESC:definition	What is a peninsula ?
LOC:country	Which is the world 's largest island ?
NUM:size	What is the spans of Greenland ?
LOC:country	Where is the worlds largest peninsula ?
DESC:definition	What is the Strait ?
DESC:definition	What is islets ?
DESC:definition	What is an atolls ?
DESC:definition	What is an eyot ?
DESC:definition	What is Isthmus ?
DESC:definition	What is Gulf ?
DESC:definition	What is Cape ?
LOC:other	Which cape are parts of large landmasses ?
LOC:country	Where is Cape of Good Hope ?
LOC:other	Which cape are parts of islands ?
LOC:state	Where is Cape Hatteras ?
DESC:definition	What is Topography ?
DESC:definition	What is relief ?
DESC:definition	What is Absolute location ?
DESC:definition	What is Aquifer ?
DESC:definition	What is Biosphere ?
DESC:definition	What is Coral ring ?
DESC:definition	What is Calsera ?
DESC:definition	What is Cartogram ?
DESC:definition	What is Cartography ?
DESC:definition	What is Census ?
DESC:definition	What is Climate ?
DESC:definition	What is Continental drift ?
DESC:definition	What is Continental shelf ?
DESC:definition	What is Demography
DESC:definition	What is Density ?
DESC:definition	What is Desert ?
DESC:definition	What is Ecology ?
DESC:definition	What is El Niño Southern Oscillation ( ENSO ) ?
DESC:definition	What is Epicentre ?
DESC:definition	What is Equator ?
DESC:definition	What is Equinox ?
DESC:definition	What is Erosion ?
DESC:definition	What is Estuary ?
DESC:definition	What is Fault ?
DESC:definition	What is Geologic time ?
DESC:definition	What is Geology ?
DESC:definition	What is Glacier ?
DESC:definition	What is Global Positioning System ( GPS ) ?
DESC:definition	What is Global warming ?
DESC:definition	What is Globe ?
DESC:definition	What is Greenhouse effect ?
DESC:definition	What is Hemisphere ?
DESC:definition	What is Humidity ?
DESC:definition	What is Hurricane ?
DESC:definition	What is Hydrologic cycle ?
DESC:definition	What is Hydrosphere ?
DESC:definition	What is International Date Line ?
DESC:definition	What is Jet stream ?
DESC:definition	What is La Niña ?
DESC:definition	What is Lagoon ?
DESC:definition	What is Latitude ?
DESC:definition	What is Lava ?
DESC:definition	What is Lingua franca ?
DESC:definition	What is Lithosphere ?
DESC:definition	What is Longitude ?
DESC:definition	What is Magma ?
DESC:definition	What is Map ?
DESC:definition	What is Map projection ?
DESC:definition	What is Map scale ?
DESC:definition	What is Megalopolis ?
DESC:definition	What is Meridian ?
DESC:definition	What is Mesa ?
DESC:definition	What is Meteorology ?
DESC:definition	What is Monsoon ?
DESC:definition	What is Morphology ?
DESC:definition	What is Pangaea ?
DESC:definition	What is Permafrost ?
DESC:definition	What is Physical geography
DESC:definition	What is Plate tectonics ?
DESC:definition	What is Precipitation ?
DESC:definition	What is Primate city ?
DESC:definition	What is Prime meridian ?
DESC:definition	What is Region ?
DESC:definition	What is Relative location ?
DESC:definition	What is Scale ?
DESC:definition	What is Sustainable development ?
DESC:definition	What is Topographic map ?
DESC:definition	What is Weather
NUM:count	In how many states India is divided ?
NUM:count	How many Union Territories in India ?
LOC:state	What is the capital of India ?
LOC:state	Which state is smallest state of India in area wise ?
LOC:state	Which is the the only one Union Territory spread in three states ?
LOC:other	Where is the Indira Point situated ?
LOC:other	Where is Narcondam Island is situated ?
LOC:state	Which states has its own high court ?
LOC:state	Which state of India have been granted special status status from the rest of the state under Article 370 of the Indian Constitution ?
LOC:state	Which state India
ENTY:other	On what basis the Indian State and Union Territories of India were divided ?
LOC:state	Which island are also known as Emerald Islands ?
DESC:description	Where is Palk Strait is situated ?
DESC:description	Where is the Adam 's Bridge is situated ?
LOC:other	Which island is a part of the Adam 's Bridge ?
DESC:definition	What is the literal meaning of Aravalli Range ?
NUM:size	What is the length of the Aravalis ?
LOC:mountain	Which is the highest point which is located in Mount Abu ?
DESC:reason	Why the Aravalli region is also famous ?
LOC:mountain	Which range ranges divide naturally to comparatively humid eastern Rajasthan and desert and dry western Rajasthan ?
LOC:mountain	What is the northern expanse of the Aravali ranges is known as ?
LOC:mountain	Which city is the only mountain place at Rajasthan ?
LOC:other	Where is the Abu city is situated ?
NUM:distance	How far Abu is from Palanpur ( Gujarat ) ?
LOC:mountain	Which is the greatest optimum on mountain Abu ?
LOC:other	Whic Jain temple located at Abu is famous all over the world ?
NUM:period	Between what time period Dilwara Temples were designed ?
LOC:country	Which is is the largest country in South Asia in terms of area and population ?
NUM:count	How many countries border meet with India ?
NUM:count	How many state 's borders of India meet with neighboring countries ?
NUM:other	What is the local time is taken as standard time ?
LOC:country	Which is the seventh largest country in the world ?
NUM:size	How much area India has ?
DESC:definition	What is Redcliffe Line ?
DESC:definition	What is McMahon Line ?
DESC:definition	What is Durand Line ?
LOC:other	What is the part of India 's Jammu and Kashmir state which is in illegal occupation of Pakistan ?
DESC:reason	Why India is considered to be an eastern country ?
LOC:mountain	Which ranges separate Pakistan , India , Nepal , Bhutan and Bangladesh from the rest of Asia ?
LOC:city	Where was India 's first atomic power station established ?
DESC:definition	What is nuclear / molecular energy ?
NUM:date	When India’s first atomic power station was established in Tarapur ( Maharashtra ) ?
LOC:state	Which is the largest metropolis in India ?
ENTY:term	What is the meaning of the word 'Aurangabad ' ?
ENTY:term	Which Policy was accepted by Union Government in December 16 , 2005 ?
ENTY:term	Under which policy ' Bharat Nirman Yojana ' was launched ?
ENTY:term	What 's the name of new Scheme launched by Union Government under 'a step towards village ' policy ?
NUM:date	When 'Bharat Nirman Yojana ' was launched ?
HUM:group	Who has Launched ' Bharat Nirman Scheme ?
DESC:description	What is the Aims to launch 'A Step towards village'scheme ?
ENTY:term	Which scheme aims at developing rural infrastructure ?
HUM:group	Who has governed a Step towards village yojna ?
NUM:date	What is the duration of implementing a Step towards village scheme has been determined ?
NUM:money	What was expected expenditure under a Step towards village scheme
DESC:description	What was planning for irrigation sector ?
NUM:date	By what year irrigation for additional one crore hectare of land was to ensure ?
DESC:description	What was planning for Road sector in a Step towards village scheme ?
NUM:count	How much population of villages to link by road ?
NUM:count	How many habitations have been connected upto December 2012 under Bharat Nirman ?
ENTY:term	Under which scheme upto December 2012 a total of 47354 habitations have been connected ?
NUM:count	What was total Habitations to be connected under Bharat Nirman Scheme ?
NUM:count	How many Habitations sactioned under Bharat Nirman Scheme for works ?
NUM:count	How Much houses planned for the poor under a step towards village scheme ?
HUM:group	For whom housing plan was targeted ?
NUM:count	How much houses were envisaged to construct under Indira Gandhi Avas Yojana ?
NUM:date	When BRICS ( Brazil , Russia , India and China , South Africa ) was formulated ?
HUM:individual	By which economist BRICS ( Brazil , Russia , India and China , South Africa ) was formulated ?
DESC:manner	How was BRICS formulated ?
NUM:date	When did the four countries initiated a regular informal diplomatic coordination , with annual meetings of Foreign Ministers at the margins of the General Debate of the UN General Assembly ( UNGA ) ?
DESC:description	What in 2006 , the four countries initiated ?
DESC:description	What does 2006 successful interaction led to ?
DESC:manner	At which level the dialogue was to be carried out in annual Summits ?
ENTY:event	When was the dialogue to be carried out at the level of Heads of State and Government ?
NUM:date	When did First Summit held ?
LOC:city	Where was the First Summit held in 2009 ?
DESC:description	What have BRICS countries done in the first summit in 2009 ?
NUM:date	When was BRICS expanded ?
LOC:country	Where was the BRICS conference organized in 2011 ?
NUM:date	When was the BRICS conference being organized in South Africa ?
ENTY:event	What in 2011 was organized in South Africa ?
DESC:reason	How did BRICS became BRICS in 2011 ?
LOC:country	With whose inclusion BRICS became BRICS in 2011 ?
NUM:date	When did BRICS became BRICS with the inclusion of South Africa ?
ENTY:event	Who became a new and promising political-diplomatic entity , far beyond the original concept tailored for the financial markets ?
DESC:description	What does BRICS became ?
DESC:description	How BRICS countries were identified as ?
NUM:count	How many annual Summits were held , after the Yekaterinburg Summit ?
ENTY:event	After which Summit , five annual Summits were held ?
HUM:group	Who have been holding at least one annual meeting ?
LOC:city	Where the first cycle of Summits was completed ?
DESC:description	What was completed in Durban last year ?
ENTY:term	In which areas BRICS has evolved in an incremental manner ?
ENTY:term	In which manner BRICS has evolved in areas of consensus in the period of first cycle of Summits ?
DESC:description	Which two main pillars are strengthened in areas of consensus amongst BRICS members ?
NUM:count	How many main pillars are strengthened in areas of consensus amongst BRICS members ?
DESC:description	Towards what Regarding the first pillar , the efforts are being done ?
ENTY:term	Which cooperation has also been gaining density ?
ENTY:term	What the BRICS established at its 6th Summit ?
DESC:description	What New Development Bank aimed at ?
NUM:money	With how many capital the new institution will initially subscribed ?
DESC:description	What is Brazilian Guarantees Agency ?
LOC:city	Where is ABGF’s registered office ?
DESC:description	What is Export Credit Guarantee Corporation of India Ltd , India ( “ECGC” ) ?
ENTY:term	Which export credit insurance organization fully owned by Government of India ?
ENTY:term	By whom Export Credit Guarantee Corporation of India Ltd , India ( “ECGC” ) owned ?
DESC:description	Why ECGC is established ?
LOC:city	Where is ECGC’s registered office ?
ENTY:term	Whose registered office is at Express Towers , 10th Floor , Nariman Point , Mumbai – 400 021 , India ?
DESC:definition	What is China Export & Credit Insurance Corporation , P.R . China ( SINOSURE ) ?
ENTY:term	Whose registered office is at Fortune Times Building , 11 Fenghuiyuan , Xicheng District , Beijing , China ?
LOC:city	Where is SINOSURE’s registered office ?
DESC:definition	What is Export Credit Insurance Corporation of South Africa Ltd , South Africa ( “ECIC” ) ?
ENTY:term	Who is an authorized South African export credit insurance company ?
LOC:city	Whose registered office at 349 Witch Hazel Avenue , Highveld Extension 79 , Centurion , 0157 , South Africa ?
LOC:city	Where is ECICs registered office ?
NUM:date	When the BRICS countries set up a new bank ( the New Development Bank ) ?
DESC:reason	Why in July , 2015 the BRICS countries set up a new bank ( the New Development Bank ) ?
ENTY:term	Which new bank in July,2015 the BRICS countries set up ?
DESC:description	What will be the main functions of New Development Bank ?
NUM:money	How much capital base will the NDB initially have ?
DESC:reason	For What NDBs funds will be used ?
DESC:description	What in addition to the bank , the five BRICS members will set ?
LOC:city	Where the New Development Bank will be headquartered ?
LOC:country	From where will be the New Development Banks first president ?
DESC:description	What can be said in conclusion ?
ENTY:term	Now who can be compelled to listen the proposals made by developing countries ?
NUM:date	When was The Planning Commission set by a Resolution of the Government of India ?
ENTY:term	What was set up in March , 1950 by a Resolution of the Government of India ?
DESC:description	How the Planning Commission was set up in March , 1950 ?
ENTY:term	By whose Resolution The Planning Commission was set up in March , 1950 ?
ENTY:term	By whom Five year plans are developed , executed and monitored ?
NUM:period	What are developed , executed and monitored by the Planning Commission ?
ENTY:term	What is being replaced by the NITI Ayog ( National Institution for Transforming India ) ?
ENTY:term	By What the planning commission is being replaced ?
NUM:count	How many five year plans have been launched by the planning Commission till date ?
DESC:reason	What have been launched by the planning Commission till date ?
ENTY:term	By whom the final approval to any five year plan is given ?
DESC:reason	Why no five-year plan was implemented during 1989–91 ?
NUM:period	When was no five-year plan implemented ?
NUM:period	Which time was of political chaos in India ?
DESC:reason	What leads to economic instability in India and hence no five-year plan was implemented in 1989–91 ?
NUM:period	Between when there were only Annual Plans in India ?
NUM:period	Between when there were only Annual Plans in India ?
NUM:date	When did India faced a crisis in Foreign Exchange ( Forex ) reserves ?
DESC:description	What crisis in 1991 , India faced ?
DESC:reason	Why the country took the risk of reforming the socialist economy ?
DESC:description	What risk the country took , under pressure ?
DESC:description	Who was P.V . Narasimha Rao ?
HUM:individual	Who was the twelfth Prime Minister of the Republic of India and head of Congress Party ?
HUM:individual	Who launched Indias free market reforms ?
DESC:description	What Dr. Manmohan Singh launched that brought the nearly bankrupt nation back from the edge ?
DESC:description	What was a major highlight of the Eighth Plan ?
NUM:count	Of which Plan Modernization of industries was a major highlight ?
NUM:date	When did India became a member of the World Trade Organization ?
LOC:country	Who became a member of the World Trade Organization on 1 January 1995 ?
DESC:description	How the Eighth plan can be termed as ?
ENTY:term	Which plan can be termed as Rao and Manmohan model of Economic development ?
NUM:count	How much average annual growth rate was achieved ?
NUM:period	what was the duration of Eighth Five-Year Plan in India ?
ENTY:term	Which Five-Year Plan was during 1992–1997 in India ?
ENTY:event	Which Five Year Plan India runs through the period from 1997 to 2002 ?
NUM:period	From which period did Ninth Five Year Plan India runs through ?
DESC:description	What was the main aim of Ninth Five Year Plan ?
NUM:count	What was the growth rate during the Ninth Plan period ?
NUM:count	How much was the growth rate lower than the target GDP growth of 6.5 per cent , during the Ninth Plan period ?
NUM:count	What was the target GDP growth during the Ninth Plan period ?
NUM:period	What was the duration of Tenth Five-Year Plan in India ?
ENTY:event	Which Five-Year Plan was during 2002–2007 in India ?
DESC:description	What were the objectives Tenth Five-Year Plan ( 2002–2007 ) ?
NUM:count	What was the Target growth during Tenth Five-Year Plan ( 2002–2007 ) ?
NUM:count	How much Growth achieved during Tenth Five-Year Plan ( 2002–2007 ) ?
ENTY:event	Which program was introduced during Tenth Five-Year Plan ( 2002–2007 ) ?
DESC:description	What are the objectives of eleventh plan ?
NUM:period	What was the duration of Eleventh Five-Year Plan in India ?
ENTY:event	Which Five-Year Plan was during 2007-2012 in India ?
NUM:count	What was the Target growth during eleventh Plan ?
NUM:count	How much Growth achieved during eleventh Plan ?
NUM:period	What was the duration of 12th Five-Year Plan in India ?
ENTY:event	Which Five-Year Plan was during 2012-17 in India ?
DESC:description	What were the main objectives for Income & Poverty in eleventh plan ?
NUM:count	How much GDP growth was planned to accelerate from 8 % in eleventh plan ?
NUM:count	How much per year agricultural GDP growth rate was planned to increase in eleventh plan to ensure a broader spread of benefits ?
NUM:count	How many new work opportunities were planned to create in eleventh plan ?
DESC:description	How much educated unemployment was planned to reduce in eleventh plan ?
NUM:count	By how much percent real wage rate of unskilled workers was planned to raise in eleventh plan ?
NUM:count	By how much percentage points the headcount ratio of consumption poverty was planned to reduce in eleventh plan ?
DESC:description	What are the main objectives for Education in eleventh plan ?
DESC:description	What are the main objectives for Health in eleventh plan ?
DESC:description	What are the main objectives for Women and Children in eleventh plan ?
DESC:description	What are the main objectives for Infrastructure in eleventh plan ?
DESC:description	What are the main objectives for Environment in eleventh plan ?
NUM:count	How much dropout rates of children from elementary school was planned to reduce from 52.2 % in 2003–04 by 2011–12 in eleventh plan ?
NUM:count	How much literacy rate for persons of age 7 years or above was planned to increase in eleventh plan ?
NUM:count	How much gender gap in literacy was planned to lower in eleventh plan ?
NUM:count	How much each cohort going to higher education was planned to increase from the present 10 % by the end of the eleventh plan ?
NUM:count	How much per 1000 live births infant mortality rate was planned to reduce in eleventh plan ?
NUM:count	How much per 1000 live births maternal mortality ratio was planned to reduce in eleventh plan ?
NUM:count	How much Total Fertility Rate was planned to reduce in eleventh plan ?
NUM:date	By when clean drinking water for all was planned to provide in eleventh plan ?
NUM:count	By how much malnutrition among children of age group 0–3 was planned to reduce to its present level in eleventh plan ?
NUM:count	By how much anaemia among women and girls was planned to reduce by the end of the eleventh plan ?
NUM:count	How much sex ratio for age group 0–6 was planned to raise by 2011–12 in eleventh plan ?
NUM:count	How much sex ratio for age group 0–6 was planned to raise by 2016–17 in eleventh plan ?
ENTY:term	Which connection to all villages and BPL households by 2009 was planned to ensure in eleventh plan ?
DESC:description	Which connection to all habitation with population 1000 and above ( 500 in hilly and tribal areas ) by 2009 was planned to ensure in eleventh plan ?
ENTY:instrument	Which connectivity to all villages was planned to provide by 2012 in eleventh plan ?
NUM:count	By how much percentage points forest and tree cover was planned to increase in eleventh plan ?
ENTY:term	What standards of air quality in all major cities was planned to attain by 2011–12 in eleventh plan ?
NUM:count	By how much energy efficiency was planned to increase in eleventh plan ?
NUM:count	How much annual average economic growth rate does the 12th five year plan ( 2012-17 ) document seeks to achieve ?
DESC:reason	Why does the 12th five year plan ( 2012-17 ) document seeks to achieve annual average economic growth rate of 8.2 per cent , down from 9 per cent envisaged earlier ?
DESC:manner	By what the 12th five-year plan is guided to revive the following Indian economy ?
NUM:count	How much growth rate in the first quarter of the financial year 2012-13 was registered ?
ENTY:event	Towards which projects of the nation the 12th five year plan aims for the betterment ?
ENTY:term	What will act as a platform for cash transfer of the subsidies in the plan ?
DESC:definition	What is UID ?
DESC:description	What is the main aim of 12th five year plan ?
NUM:count	Of how much percent the 12th five year plan aims towards achieving a growth in agriculture by 2017 ?
NUM:count	By how much percentage points the 12th five year plan aims to reduce poverty by 2017 ?
NUM:money	Upto how much private investments in the infrastructural growth the document presented by the planning commission is aimed to attract in the 12th five-year plan ?
NUM:count	How much subsidy burden of the government will reduce from 2 percent of the GDP ( gross domestic product ) due to private investments of up to US $ 1 trillion in the infrastructural growth in the 12th five-year plan ?
NUM:date	When did in India the planned economic development begin with the inception of first five year plan .
ENTY:event	What in India begin in 1951 with the inception of first five year plan ?
DESC:description	What was the main motive of first five year plan ?
DESC:reason	Why the main motive of first five year plan was to improve the condition of agriculture in the country ?
ENTY:technique	What is the backbone of the whole country ?
ENTY:event	Whose main motive was to improve the condition of agriculture in the country ?
ENTY:event	Which five year plan was dedicated to the industrial development ?
ENTY:event	To what Second five year plan ( based on Mahalanobis model ) was dedicated ?
ENTY:term	Which term was given by professor Rajkrishna ?
NUM:date	Upto when did Indian economy grow by Hindu Rate of Growth around 3.5 % ?
NUM:count	Around how much did Indian economy grow by Hindu Rate of Growth upto 1980s ?
HUM:individual	Who was the first Indian Prime Minister ?
HUM:individual	Who presented the first five-year plan to the Parliament of India on December 8 , 1951 ?
NUM:date	When did the first Indian Prime Minister , Jawaharlal Nehru presented the first five-year plan to the Parliament of India ?
ENTY:term	To whom did the first Indian Prime Minister , Jawaharlal Nehru presented the first five-year plan on December 8 , 1951 ?
ENTY:event	Which five-year plan did the first Indian Prime Minister , Jawaharlal Nehru presented to the Parliament of India on December 8 , 1951 ?
NUM:date	What was the duration of First Five-Year Plan ?
ENTY:event	Which Five-Year Plan was during 1951–1956 in India ?
DESC:description	What did the First Five-Year Plan addressed , mainly ?
ENTY:technique	Which sector was hit hardest by the partition of India ?
DESC:reason	By what the agricultural sector was hit hardest ?
NUM:count	How much total planned budget was allocated to seven broad areas during the First Five-Year Plan ?
